Date,fao_fpi,fao_meat,fao_dairy,fao_cereals,fao_oils,fao_sugar,fao_fpi_real,fao_meat_real,fao_dairy_real,fao_cereals_real,fao_oils_real,fao_sugar_real,cpi_mom,cpi_p_mom,cpi_n_mom,cpi_u_mom,cpi_baz,icp_obr,icp_pish,icp_pish_sa_stl,icp_selhoz,icp_selhoz_sa_stl,ort,ort_p,ort_n,ipp,ipp_obr,ipp_prod,ipp_prod_sa_stl,kurs_nom,kurs_real,kurs_doll,kurs_doll_mom,kurs_doll_mom_sa_stl,zp_real,zp_real_sa_stl,zp_nom,ob_potreb_kred,ob_rozn_kred,ob_kred,zad_nas_kred,zad_potreb_kred,zad_kred,budj_mom,u_bezrab,unemp_sa_stl,u_potreb_mom,mp_odjp_sh_omsk,mp_odjp_sh_rf,mp_odjp_omsk,mp_odjp_rf,mp_odjp_rf_sa_stl,mp_izmp_omsk,mp_izmp_rf,mp_ojid_spros,mp_izderjki,real_income_m1,real_income_m1_sa_stl,mp_ibk_p_odj,rmci_mom,rmci_mom_sa_stl
2010-01,100.83,101.30,96.61,99.31,99.57,112.45,101.53,85.06,109.02,98.40,107.10,163.83,101.64,101.50,100.00,104.18,100.69,101.63,100.32,100.97,101.05,100.95,79.90,78.20,81.40,82.20,77.70,63.50,78.46,101.30,102.60,29.94,100.00,101.01,79.00,104.14,80.30,49.60,48.77,49.95,98.91,100.09,99.89,34.55,ñåí.58,àâã.78,127.27,13.46,íîÿ.41,17.14,16.70,15.16,10.00,äåê.19,24.30,32.38,55.20,102.75,13.54,96.15,99.91
2010-02,97.52,100.74,93.22,95.54,100.19,96.08,99.01,85.69,101.63,94.00,107.31,157.41,100.85,101.20,100.36,100.88,100.47,99.53,93.20,93.06,99.43,98.96,97.20,98.70,96.00,104.70,107.80,126.10,115.32,101.80,102.20,30.19,100.84,101.49,97.10,99.78,98.00,180.72,183.18,153.77,99.26,99.09,100.38,131.90,ñåí.58,àâã.61,108.93,-5.77,ìàð.99,àïð.72,äåê.97,äåê.68,0.94,èþë.62,26.60,29.íîÿ,120.90,104.70,ôåâ.82,99.40,101.43
2010-03,97.30,101.48,100.01,97.66,102.81,73.40,96.34,86.96,101.64,91.81,110.32,115.53,100.41,100.82,100.03,100.19,100.23,100.71,101.75,101.87,105.79,105.22,104.00,101.10,106.60,110.00,115.10,122.30,109.38,102.40,102.50,29.56,97.91,98.53,108.70,101.96,109.10,126.06,130.50,101.93,99.50,99.33,100.35,123.21,ñåí.50,àâã.61,116.39,-1.89,-2.74,09.ñåí,îêò.55,11.îêò,-2.40,ìàé.67,31.60,20.57,101.90,102.51,ìàð.26,99.40,100.06
2010-04,100.56,102.91,108.01,98.79,99.13,88.14,96.87,89.49,109.78,90.70,109.36,101.84,100.14,100.10,100.15,100.17,100.15,103.22,99.15,99.21,96.24,96.78,99.10,101.40,97.10,96.70,100.30,100.00,101.57,101.60,101.60,29.20,98.78,99.45,100.30,100.33,100.40,109.92,111.82,119.79,99.73,99.45,100.68,100.33,ñåí.22,àâã.58,140.85,ìàð.70,-3.86,àâã.57,ñåí.50,îêò.83,-3.35,àïð.40,31.90,19.23,108.10,101.62,ôåâ.52,99.39,100.86
2010-05,99.43,100.35,101.84,99.88,97.99,92.42,96.32,89.80,111.80,90.59,107.17,94.11,100.38,100.33,100.12,100.83,99.99,100.44,102.64,102.66,98.63,98.96,102.30,100.10,104.10,104.80,109.70,108.50,106.65,100.30,100.70,30.35,103.94,103.53,98.10,97.39,98.50,118.82,114.05,76.77,100.34,100.44,101.36,90.09,àâã.35,08.äåê,113.00,-7.41,0.86,àïð.31,ñåí.31,îêò.47,-8.17,ìàð.94,25.80,13.46,91.20,96.56,-2.03,99.19,100.37
2010-06,99.44,101.17,98.82,96.95,98.94,104.27,95.78,90.85,110.48,87.83,106.03,98.14,100.48,100.69,100.18,100.48,100.15,106.95,104.30,104.45,91.28,90.58,102.50,101.40,103.40,95.10,95.20,100.20,100.78,99.40,99.90,31.17,102.70,101.87,108.80,105.47,109.30,107.06,109.94,140.93,100.40,100.41,100.45,116.75,èþë.58,èþë.85,117.70,äåê.96,11.ÿíâ,èþí.70,11.àïð,11.èþí,-8.65,àïð.25,22.20,15.46,107.30,101.26,-1.13,97.95,100.22
2010-07,104.40,101.11,102.17,108.52,103.87,109.97,99.99,91.85,112.88,95.31,110.13,107.92,100.63,100.59,100.64,100.67,100.74,95.73,98.22,97.77,98.25,99.49,101.50,102.40,100.70,107.70,108.80,105.00,107.56,98.70,99.10,30.68,98.43,98.67,96.90,104.50,97.50,109.35,108.50,79.90,101.34,101.78,100.61,119.42,07.ÿíâ,èþë.80,101.50,44.44,25.24,17.79,14.43,15.21,ìàé.26,09.äåê,29.00,îêò.48,107.40,112.88,íîÿ.43,104.82,101.32
2010-08,107.71,100.87,99.48,118.54,110.60,106.20,107.70,92.65,112.30,112.98,121.80,114.61,100.98,101.92,100.34,100.16,101.25,99.18,102.24,101.66,102.05,103.74,104.70,102.00,107.00,106.90,107.00,94.70,101.88,99.70,100.10,30.34,98.89,97.42,97.20,100.13,98.20,100.59,103.67,106.35,101.43,101.28,101.79,74.99,07.îêò,08.ñåí,102.96,39.62,29.75,17.31,16.îêò,16.78,èþí.73,12.ôåâ,21.30,ìàé.74,93.60,92.77,íîÿ.95,103.60,101.95
2010-09,106.01,99.88,103.36,111.51,102.50,121.08,114.17,92.54,116.07,125.99,124.85,138.77,100.26,100.88,100.38,98.98,100.57,100.63,101.53,101.79,125.68,126.94,98.70,92.70,103.70,94.40,92.90,89.30,89.79,97.90,98.10,30.84,101.65,101.46,102.70,100.47,103.00,109.78,108.40,111.26,101.15,100.86,101.27,127.20,èþí.82,èþë.69,102.16,32.08,22.88,16.75,14.61,15.00,10.ìàé,äåê.80,àâã.70,18.18,98.50,103.14,13.37,104.44,102.14
2010-10,105.20,101.61,104.62,103.69,111.47,109.81,120.11,94.02,121.43,130.64,139.18,152.38,100.51,100.88,100.53,99.81,100.68,101.32,100.64,101.02,122.60,122.29,105.00,101.50,107.60,104.60,100.20,101.30,97.42,97.40,97.40,30.32,98.31,98.72,97.90,97.67,98.40,90.54,92.46,123.49,100.91,100.87,100.26,88.09,07.àâã,èþë.71,79.58,37.74,23.50,18.27,17.àïð,17.20,àâã.65,äåê.61,àïð.30,20.57,109.90,106.66,13.41,105.91,102.30
2010-11,103.37,102.26,97.82,101.38,110.56,106.89,124.16,96.14,118.78,132.44,153.87,162.89,100.87,101.44,100.72,100.02,100.74,103.98,101.08,101.09,105.21,102.63,100.60,100.20,100.90,99.40,99.10,104.00,104.72,98.80,99.40,30.97,102.14,101.06,102.40,102.13,103.30,84.77,88.77,88.61,100.36,100.01,100.57,101.96,èþë.54,èþë.81,87.61,ñåí.62,22.34,17.54,23.40,22.23,15.17,12.ôåâ,-8.50,28.57,98.50,102.16,16.35,102.62,103.36
2010-12,104.18,101.29,98.91,105.54,108.05,106.71,129.35,97.39,117.48,139.77,166.27,173.82,101.06,101.95,100.41,100.29,100.61,102.58,103.13,102.66,111.39,111.06,120.90,135.40,110.80,108.60,104.90,94.70,96.04,102.80,103.40,30.85,99.61,99.99,126.20,101.35,127.60,119.57,139.59,134.31,100.94,98.98,99.68,183.45,àâã.46,àâã.18,101.01,13.46,22.40,22.ÿíâ,29.72,27.63,13.88,13.62,ÿíâ.90,35.89,134.00,99.48,17.90,102.04,101.00
2011-01,103.39,100.28,104.55,103.71,104.95,105.45,120.43,87.95,110.62,130.54,157.14,165.08,102.18,101.91,100.82,104.28,100.99,98.57,99.21,99.85,111.52,111.43,71.90,74.00,70.10,80.70,76.80,71.30,86.23,101.40,103.40,30.àâã,97.50,98.52,73.70,98.83,75.30,64.06,49.18,62.69,99.52,99.68,101.36,32.01,àâã.32,èþë.52,102.00,23.àâã,18.70,25.00,24.27,22.72,22.71,23.75,21.50,34.93,55.90,103.43,23.85,100.00,103.76
2011-02,102.94,102.76,106.09,104.52,100.54,99.53,123.98,90.37,117.35,136.44,157.99,164.31,100.64,100.74,99.90,101.37,100.62,99.55,101.51,101.37,103.45,102.98,97.80,97.10,98.30,101.00,104.60,121.90,111.18,101.70,101.80,29.29,97.37,98.02,96.80,99.47,97.40,121.40,130.91,118.02,100.75,100.84,102.44,152.92,àâã.81,èþë.83,99.02,11.íîÿ,09.ñåí,15.53,18.20,17.92,äåê.50,15.99,26.70,35.27,117.10,100.93,14.ÿíâ,100.67,102.70
2011-03,97.57,103.16,104.26,96.10,92.97,89.03,120.96,93.23,122.35,131.11,146.89,146.29,100.47,100.52,100.43,100.43,100.51,99.72,99.95,100.07,102.47,101.90,119.30,112.30,125.60,110.90,115.20,120.30,107.41,101.60,101.50,28.43,97.06,97.68,111.80,105.04,112.40,133.81,129.69,146.25,101.62,102.30,104.28,120.24,09.àïð,àâã.16,113.86,-16.67,01.îêò,ñåí.13,15.34,15.90,ìàé.29,íîÿ.47,30.îêò,30.92,113.90,114.56,èþë.20,99.67,100.33
2011-04,101.59,104.08,99.05,104.26,99.80,92.83,122.89,97.04,121.19,136.70,146.60,135.80,100.06,99.91,100.43,99.84,100.14,105.49,99.64,99.70,100.26,100.80,101.60,101.20,102.00,99.50,102.30,101.00,102.55,99.10,98.80,28.îêò,98.84,99.50,98.30,98.34,98.40,118.23,115.04,93.00,103.02,104.18,102.82,100.84,ñåí.43,àâã.79,116.52,-22.22,-4.39,èþí.25,äåê.90,14.22,-1.44,ñåí.31,24.90,24.27,103.20,96.70,ôåâ.37,99.83,101.30
2011-05,99.08,100.36,99.74,99.45,99.76,90.33,121.76,97.39,120.88,135.94,146.25,122.67,100.47,99.96,100.93,100.67,100.33,103.85,99.61,99.63,98.87,99.19,100.40,99.50,101.20,100.10,104.10,103.10,101.26,101.60,101.10,27.87,99.18,98.79,99.60,98.87,100.10,102.58,100.70,92.13,103.14,104.14,101.78,99.71,èþë.84,èþë.61,122.39,-22.64,ôåâ.80,ôåâ.91,äåê.26,13.42,-0.48,èþí.70,26.00,21.26,106.70,112.04,ÿíâ.21,97.84,99.01
2011-06,99.85,98.85,100.85,97.51,99.00,114.56,121.57,96.27,121.91,132.55,144.79,140.53,100.12,99.76,100.35,100.37,100.18,98.94,98.22,98.37,96.49,95.79,101.80,100.50,102.80,104.50,106.40,108.20,108.77,101.80,101.60,27.98,100.39,99.58,108.10,104.80,108.20,102.54,110.64,119.04,103.41,103.64,103.79,111.08,èþí.47,èþí.73,104.27,ìàð.70,ñåí.31,10.ìàé,äåê.44,äåê.45,ôåâ.42,06.èþí,21.20,29.47,106.90,100.83,èþí.20,98.30,100.57
2011-07,98.70,99.66,98.71,95.48,97.06,111.94,119.99,95.95,120.33,126.55,140.53,157.32,100.14,99.62,100.28,100.73,100.34,100.09,100.42,99.97,97.15,98.38,106.50,104.00,108.50,98.00,97.70,84.40,86.94,100.60,100.40,27.90,99.71,99.94,96.70,104.31,96.80,99.23,97.87,80.59,103.31,103.57,100.23,98.57,ìàé.70,èþí.48,101.17,ìàé.66,14.39,12.ôåâ,äåê.75,13.54,ôåâ.88,èþí.60,16.30,23.19,101.00,106.54,èþë.40,101.90,98.40
2011-08,99.83,99.19,98.74,103.13,97.07,98.33,119.79,95.17,118.81,130.51,136.42,154.69,99.57,98.40,100.49,100.17,100.17,102.56,99.44,98.87,97.77,99.45,103.90,100.90,106.10,101.70,101.10,100.20,107.37,97.20,96.40,28.77,103.12,101.62,99.40,102.33,99.00,112.83,113.20,110.56,104.32,104.92,103.79,94.38,èþí.38,èþë.37,104.05,ñåí.26,17.30,äåê.14,äåê.36,13.àïð,àïð.85,èþí.92,13.50,23.30,96.80,95.95,àâã.46,101.53,99.88
2011-09,98.07,101.24,96.39,96.97,97.58,96.25,117.48,96.35,114.52,126.56,133.12,148.89,100.01,99.69,100.93,99.39,100.49,101.03,98.51,98.78,92.66,93.92,94.90,94.20,95.40,97.50,97.20,91.20,91.69,97.30,96.30,30.49,105.98,105.79,104.00,101.76,104.00,109.26,107.82,107.64,102.54,102.74,103.11,110.84,èþí.90,èþë.78,93.33,ìàð.70,17.61,îêò.19,13.21,13.60,0.49,èþë.23,ìàé.80,29.76,93.20,97.83,ìàé.28,101.84,99.54
2011-10,96.40,99.30,99.28,94.77,93.35,95.31,113.25,95.67,113.70,119.93,124.27,141.91,100.50,100.41,100.93,100.10,100.49,105.94,100.52,100.90,81.80,81.49,103.80,102.90,104.50,100.20,97.00,103.50,99.61,99.40,99.10,31.35,102.82,103.23,99.20,98.97,99.70,78.55,83.12,109.48,102.18,102.22,100.78,97.81,èþë.83,àâã.46,102.98,èþë.14,14.28,ñåí.27,13.34,13.50,ìàé.88,èþë.64,ìàð.40,22.55,111.10,107.86,èþë.57,103.12,99.50
2011-11,100.32,101.98,99.09,98.32,105.05,94.11,113.61,97.57,112.67,117.92,130.55,133.54,100.40,100.46,100.63,100.02,100.53,98.03,100.12,100.12,93.95,91.38,101.80,103.40,100.80,101.00,97.30,106.80,107.54,103.90,103.70,30.86,98.44,97.37,103.50,103.25,103.90,108.93,107.75,88.02,102.01,101.78,102.59,114.18,àâã.68,àâã.95,86.71,ìàé.56,13.50,îêò.34,15.46,14.30,ìàé.91,èþí.46,-4.40,22.28,100.30,103.99,08.äåê,99.04,99.79
2011-12,96.78,98.33,97.55,95.05,96.89,96.18,109.96,95.94,109.91,112.09,126.49,128.44,100.34,100.34,100.37,100.28,100.26,99.06,102.03,101.57,99.43,99.10,119.20,132.80,110.10,112.30,111.00,106.00,107.31,99.90,99.90,31.45,101.91,102.30,131.60,106.75,132.00,132.69,131.75,152.60,102.54,103.36,100.29,158.60,09.ñåí,àâã.82,99.33,äåê.73,íîÿ.78,14.22,16.èþí,13.98,èþí.37,07.àâã,ÿíâ.50,22.èþí,141.40,106.85,îêò.26,101.13,100.08
2012-01,100.28,96.85,98.64,102.27,102.76,102.26,111.07,93.60,109.21,115.47,130.93,132.31,100.24,100.39,100.14,100.18,100.23,95.19,97.74,98.36,98.03,97.94,69.80,66.30,72.70,84.00,79.80,72.80,87.69,100.60,100.70,31.51,100.19,101.22,73.20,98.32,73.30,61.55,57.83,57.46,100.30,101.08,98.46,34.62,09.ôåâ,àâã.22,103.36,ñåí.26,èþí.23,13.53,14.ìàé,äåê.49,ìàð.43,08.èþë,20.30,11.íîÿ,54.40,101.90,àâã.42,96.18,99.95
2012-02,102.44,102.37,100.75,103.06,102.78,102.39,113.78,95.81,110.03,119.01,134.57,135.47,100.30,100.47,100.42,99.87,100.34,98.77,100.74,100.60,100.16,99.70,104.10,102.40,105.40,103.60,106.00,114.70,104.04,103.40,103.30,29.88,94.83,95.47,99.20,101.86,99.50,125.87,132.15,113.79,102.14,102.00,102.38,146.67,08.îêò,07.äåê,100.65,ìàé.45,ìàð.95,12.ñåí,14.ñåí,13.83,àïð.23,èþí.49,23.30,17.13,116.70,100.56,08.äåê,97.36,99.39
2012-03,100.30,100.86,97.38,99.59,102.79,99.90,114.12,96.63,107.15,118.53,138.32,135.34,100.40,100.60,100.52,99.94,100.29,100.63,102.56,102.68,103.06,102.50,107.20,117.60,99.70,102.90,105.20,116.10,103.24,102.00,102.00,29.37,98.29,98.90,105.60,98.82,106.00,121.75,118.58,109.12,103.17,104.33,101.75,105.41,èþë.66,èþí.77,101.29,-1.85,-0.74,íîÿ.48,13.ìàé,13.61,ìàð.79,èþí.87,25.20,26.èþë,104.60,105.31,èþë.60,99.49,100.15
2012-04,98.90,99.28,95.31,98.86,102.50,94.74,112.87,95.94,102.12,117.17,141.78,128.22,100.34,100.01,100.66,100.39,100.43,104.00,100.58,100.64,103.17,103.71,104.90,103.40,106.10,97.00,100.40,99.30,100.83,99.80,99.70,29.47,100.34,100.99,100.50,100.55,100.80,102.66,105.55,96.94,103.52,103.69,103.44,117.37,èþí.93,èþí.30,113.38,-7.27,-3.32,10.ìàé,13.îêò,14.42,èþí.70,ìàé.34,23.30,18.îêò,108.90,102.37,àâã.37,99.49,100.95
2012-05,95.71,98.14,93.78,97.83,92.39,90.93,108.02,94.15,95.76,114.62,130.99,116.59,100.61,100.70,100.35,100.87,100.14,103.48,100.06,100.08,100.79,101.11,102.20,105.30,99.70,100.30,103.40,102.40,100.58,97.80,98.30,30.65,104.00,103.62,104.40,103.65,105.00,103.21,101.40,90.69,103.27,103.60,100.52,87.76,èþí.49,èþí.26,124.72,-10.71,ôåâ.63,äåê.38,16.19,17.34,àïð.29,05.îêò,19.00,27.96,96.40,101.71,àâã.29,100.17,101.34
2012-06,97.34,97.74,96.93,99.23,93.67,98.59,105.15,92.03,92.82,113.74,122.70,114.95,100.97,101.54,100.37,100.99,100.58,100.36,100.63,100.77,102.73,102.03,102.90,99.30,106.00,105.20,107.30,105.80,106.37,94.80,95.80,32.91,107.37,106.57,105.70,102.44,106.80,96.79,96.04,101.54,102.89,103.41,100.32,112.48,èþí.32,èþí.58,103.15,0.00,13.58,14.83,19.58,19.58,0.48,èþë.30,20.îêò,26.32,104.00,97.89,èþë.53,98.80,101.07
2012-07,105.40,98.98,97.51,114.82,102.44,111.66,110.83,91.09,90.51,130.59,125.69,128.35,101.38,101.61,100.29,102.60,100.54,99.74,100.79,100.34,102.69,103.92,102.70,99.70,105.20,100.60,99.80,92.30,94.82,101.90,103.00,32.50,98.75,98.97,92.30,99.92,93.60,109.11,110.73,112.62,103.31,103.73,104.10,99.71,ìàé.98,èþí.76,90.39,äåê.50,22.40,15.31,16.84,17.64,ìàé.74,12.00,13.60,23.33,99.60,105.20,îêò.47,105.03,101.53
2012-08,101.00,102.70,102.27,102.20,99.82,91.32,111.94,93.55,92.56,133.46,125.47,117.21,100.65,100.69,100.55,100.72,100.79,103.80,102.52,101.95,100.37,102.05,100.00,99.20,100.60,98.40,98.00,96.30,103.47,101.10,100.80,31.97,98.37,96.85,98.70,101.63,99.40,107.60,107.40,105.37,103.74,104.14,102.59,85.57,6.00,èþí.98,95.65,37.50,25.17,21.15,17.50,18.19,17.31,îêò.68,13.50,29.19,106.70,105.82,19.22,106.93,105.29
2012-09,101.52,103.82,108.79,99.80,99.00,95.79,113.63,97.12,100.69,133.19,124.21,112.28,100.67,100.41,100.50,101.28,100.79,106.48,103.81,104.08,107.68,108.93,95.20,93.60,96.50,96.10,94.50,92.60,93.09,99.40,99.60,31.52,98.59,98.40,99.80,97.55,100.50,88.77,88.48,87.41,102.76,103.00,100.50,107.20,06.èþí,èþí.93,91.41,37.25,21.63,19.32,14.48,14.87,19.71,íîÿ.93,ñåí.60,20.48,100.60,105.21,19.52,105.09,102.79
2012-10,99.06,100.88,102.95,99.79,91.21,101.60,112.56,97.98,103.66,132.91,113.30,114.07,100.42,100.83,100.34,99.92,100.72,99.55,103.13,103.51,115.68,115.38,104.80,106.00,103.90,102.60,101.20,109.70,105.80,100.70,100.90,31.09,98.64,99.04,102.60,102.37,103.00,109.57,111.45,126.09,102.89,102.84,102.99,112.88,èþí.64,èþë.27,99.45,23.53,21.16,äåê.56,14.74,14.90,16.35,îêò.45,ìàð.40,17.14,99.50,96.25,14.44,106.02,102.40
2012-11,99.68,99.74,100.56,101.39,97.30,95.22,112.20,97.73,104.24,134.75,110.24,108.63,100.39,100.63,100.43,99.97,100.45,99.82,100.53,100.53,107.06,104.50,99.60,105.90,94.60,101.90,98.90,106.00,106.77,99.70,100.00,31.41,101.03,99.97,105.80,105.55,106.20,92.86,96.61,83.55,102.61,102.08,102.78,93.27,èþë.61,èþë.88,103.89,23.àâã,15.65,äåê.62,16.ìàð,14.87,èþë.77,àâã.87,-4.30,19.62,104.00,107.72,îêò.18,100.28,101.03
2012-12,99.37,99.74,102.86,98.59,97.41,99.84,111.49,97.47,107.22,132.86,107.39,108.45,100.32,100.58,100.02,100.35,100.29,95.05,99.90,99.44,102.28,101.95,126.40,125.20,127.40,105.90,102.50,99.80,101.08,101.00,101.20,30.74,97.87,98.27,120.90,96.06,121.30,102.65,105.08,120.65,102.30,101.89,101.39,193.93,èþë.95,èþë.67,97.33,ìàð.85,13.76,íîÿ.22,16.58,14.51,èþë.28,àâã.71,ôåâ.90,17.79,143.10,108.53,ñåí.24,101.93,100.89
2013-01,100.43,99.11,102.42,99.17,104.98,97.74,112.46,97.03,110.30,132.33,113.23,106.47,101.44,101.34,100.00,103.76,100.53,96.47,97.65,98.26,105.71,105.62,63.90,58.70,68.40,82.50,80.90,65.70,80.56,101.10,101.80,30.26,98.44,99.47,76.90,102.01,78.00,72.04,63.21,67.05,100.88,101.19,100.73,34.68,èþë.90,07.îêò,96.15,ñåí.62,13.32,16.50,15.25,13.67,ñåí.66,îêò.77,19.20,13.46,52.00,99.48,13.èþí,97.83,101.61
2013-02,99.89,101.03,102.28,98.00,101.02,96.77,112.34,98.03,112.82,129.69,114.39,103.03,100.57,100.84,100.51,100.27,100.50,104.83,100.38,100.25,103.12,102.66,103.20,100.80,104.90,108.30,113.80,122.70,112.09,100.40,100.50,30.16,99.67,100.31,96.90,99.54,97.50,132.94,140.95,103.79,100.98,100.62,100.81,123.01,èþë.79,èþí.82,101.71,15.38,èþí.72,18.54,13.78,13.52,ñåí.76,àâã.14,26.30,17.96,117.10,101.00,14.îêò,98.20,100.24
2013-03,99.70,100.43,103.44,98.35,97.48,101.08,112.00,98.46,116.70,127.56,111.50,104.14,100.30,100.29,100.34,100.24,100.34,98.51,99.92,100.04,101.95,101.39,108.40,111.10,106.40,107.70,109.30,115.20,102.37,99.90,99.90,30.80,102.12,102.72,105.90,99.10,106.20,107.50,102.65,109.41,101.84,102.56,102.38,119.77,èþë.79,èþí.91,101.12,ìàé.66,àïð.75,13.àïð,äåê.58,13.15,àâã.70,èþí.98,25.50,16.35,113.60,114.36,îêò.86,102.68,103.33
2013-04,99.99,100.66,109.98,96.36,98.57,96.44,111.99,99.11,128.35,122.92,109.91,100.43,100.30,100.43,100.11,100.40,100.24,97.63,100.02,100.07,100.23,100.77,104.70,107.60,102.50,95.40,97.00,103.90,105.41,98.30,98.60,31.33,101.72,102.36,106.10,106.16,106.40,125.67,126.82,111.20,103.53,104.31,101.76,126.11,èþë.84,èþë.21,123.89,èþë.41,ôåâ.71,13.24,íîÿ.68,äåê.99,èþë.80,èþí.15,22.90,15.31,106.70,100.15,îêò.50,97.66,99.12
2013-05,99.37,96.99,99.40,101.13,100.34,98.98,111.28,96.13,127.59,124.31,110.28,99.41,100.69,101.07,100.33,100.65,100.32,98.54,99.37,99.39,100.34,100.65,105.10,106.00,104.40,132.00,140.30,110.40,108.59,100.50,101.10,31.24,99.71,99.33,97.70,96.94,98.40,83.12,89.27,95.61,102.57,102.33,102.48,82.38,èþë.41,èþë.18,113.90,0.00,04.îêò,íîÿ.39,íîÿ.40,äåê.54,èþë.50,àïð.62,22.30,îêò.78,97.90,103.18,ñåí.43,99.16,100.31
2013-06,99.04,99.55,100.20,98.08,99.70,96.99,110.21,95.69,127.84,121.92,109.95,96.42,100.50,100.67,100.28,100.59,100.28,100.70,100.25,100.39,101.02,100.32,104.10,103.30,104.80,79.80,79.10,98.90,99.46,96.40,96.70,32.28,103.33,102.55,106.00,102.77,106.50,103.64,103.95,110.50,102.91,102.63,102.26,118.64,èþí.39,èþí.64,93.70,18.18,14.53,20.48,13.75,13.74,àïð.78,àïð.83,24.20,19.91,113.70,107.56,äåê.49,97.02,99.28
2013-07,97.50,99.55,100.52,94.53,96.30,98.51,107.46,95.26,128.51,115.25,105.89,94.99,100.86,100.09,99.99,103.28,100.35,103.37,100.73,100.29,99.47,100.69,103.00,104.40,101.90,99.70,99.40,88.80,91.30,99.40,100.00,32.74,101.43,101.63,93.40,101.03,94.20,113.91,107.45,108.25,103.11,103.14,102.86,89.55,ìàé.59,èþí.37,95.38,20.00,15.20,14.90,íîÿ.62,äåê.42,èþë.25,àâã.63,17.70,24.40,95.90,101.56,11.àïð,104.09,100.60
2013-08,98.52,100.92,103.31,94.30,96.28,101.14,105.87,96.14,132.76,108.68,101.95,96.07,99.60,98.34,100.31,100.43,100.52,107.66,100.80,100.23,97.17,98.84,105.10,105.30,104.90,100.70,100.70,102.20,109.36,98.20,98.20,33.02,100.86,99.32,99.00,101.94,98.60,98.38,101.55,97.89,102.98,102.91,102.12,98.17,ìàé.37,èþí.35,96.92,25.93,17.00,13.46,íîÿ.57,äåê.27,12.ôåâ,èþí.87,äåê.90,23.70,107.50,106.60,äåê.74,100.00,98.36
2013-09,100.22,100.55,102.30,97.88,100.91,101.98,106.10,96.67,135.81,106.38,102.88,97.97,100.33,100.48,100.49,99.87,100.76,101.50,100.60,100.87,98.37,99.62,95.40,94.70,96.10,82.90,80.00,94.20,94.70,101.20,101.10,32.63,98.82,98.63,101.90,99.64,102.20,157.32,149.25,113.48,104.42,105.47,102.79,96.66,ìàé.84,èþí.71,100.00,äåê.96,16.45,ìàé.83,îêò.67,11.èþí,íîÿ.65,èþë.13,ôåâ.40,33.33,94.20,98.80,àâã.72,101.40,99.11
2013-10,102.02,100.34,102.66,101.73,102.77,107.45,108.24,97.00,139.42,108.22,105.73,105.28,100.32,100.48,100.58,99.74,100.46,97.43,100.85,101.24,89.43,89.13,100.20,100.70,99.80,121.60,119.80,104.40,100.49,100.30,100.70,32.06,98.25,98.66,102.30,102.07,102.60,72.69,73.68,89.63,102.71,102.81,101.78,116.10,èþí.28,èþí.91,94.55,13.46,14.84,9.00,îêò.91,11.àâã,ñåí.50,èþë.40,-5.50,24.51,102.60,99.35,ñåí.25,103.19,99.56
2013-11,99.94,99.27,99.33,99.36,105.11,94.63,108.17,96.29,138.48,107.52,111.13,99.63,100.64,101.30,100.43,100.01,100.55,97.38,100.29,100.29,92.81,90.27,100.40,103.50,97.80,107.60,109.00,101.80,102.59,99.10,99.70,32.64,101.81,100.76,101.60,101.36,102.20,98.52,100.17,101.98,101.54,101.12,101.83,85.87,èþí.83,07.ñåí,94.71,íîÿ.76,15.ÿíâ,íîÿ.76,äåê.15,11.00,èþë.84,èþí.62,-11.20,èþë.80,108.80,112.54,ñåí.79,100.40,101.16
2013-12,99.59,99.02,103.00,99.92,98.70,93.71,107.73,95.35,142.64,107.43,109.69,93.36,100.43,100.76,100.05,100.50,100.38,98.38,102.82,102.37,100.96,100.62,128.40,128.30,128.40,97.30,93.80,97.00,98.25,98.80,98.90,32.89,100.77,101.18,124.80,99.96,125.30,111.21,118.25,137.53,101.89,101.07,101.21,203.59,èþë.25,èþí.98,97.97,èþë.84,13.53,16.34,13.55,íîÿ.48,èþë.84,èþí.59,-5.90,19.äåê,137.90,103.30,12.ìàé,100.67,99.62
2014-01,98.33,98.64,99.80,99.28,96.02,94.38,107.43,95.39,144.38,108.17,106.81,89.36,100.52,100.62,100.13,100.94,100.22,98.52,100.63,101.23,99.02,98.93,63.40,55.60,70.20,82.00,79.30,73.50,88.33,98.80,99.30,33.46,101.73,102.77,75.70,100.80,76.10,59.22,54.87,60.40,100.27,100.92,103.28,36.58,èþë.82,07.ôåâ,92.23,16.00,12.èþí,18.54,13.97,äåê.39,èþë.35,àâã.88,15.40,ñåí.27,45.50,92.96,äåê.87,96.41,100.20
2014-02,101.93,100.42,100.15,102.27,104.54,106.18,109.51,95.78,144.59,110.63,111.66,94.88,100.70,101.33,100.43,100.19,100.45,103.15,100.23,100.10,100.13,99.67,102.00,100.50,103.10,104.50,107.10,112.60,102.05,95.90,96.10,35.22,105.26,105.89,96.90,99.53,97.60,113.69,120.02,90.90,101.36,100.93,98.45,111.07,èþë.85,èþí.88,104.49,íîÿ.76,13.99,19.32,16.51,16.26,àâã.17,09.ìàð,14.40,22.71,129.70,113.64,13.68,98.07,100.12
2014-03,103.06,102.52,98.96,104.80,103.75,107.92,112.86,98.19,143.09,115.93,115.85,102.40,100.93,101.86,100.42,100.30,100.77,104.01,100.49,100.62,98.88,98.33,104.60,106.90,103.00,115.80,119.90,120.90,108.10,97.70,98.30,36.21,102.81,103.40,103.10,96.28,104.10,118.30,117.62,113.66,101.23,100.84,100.27,132.45,èþë.68,èþí.80,101.61,èþë.69,ñåí.67,23.26,14.31,14.88,îêò.60,ñåí.30,16.îêò,35.19,97.70,98.51,16.84,101.12,101.77
2014-04,99.47,103.26,95.16,100.06,96.93,98.38,112.27,101.39,136.17,116.00,112.30,100.74,101.02,101.52,100.43,101.14,101.22,100.79,101.86,101.91,102.26,102.80,100.80,101.00,100.70,88.20,88.10,98.50,99.99,102.40,102.70,35.66,98.48,99.11,104.80,104.87,105.90,98.53,100.70,122.33,101.20,100.49,101.74,104.79,èþë.45,èþí.82,106.35,ÿíâ.89,ìàé.92,16.43,äåê.37,13.67,èþí.57,àâã.45,15.00,24.41,116.50,109.92,íîÿ.44,101.39,102.84
2014-05,99.88,102.17,96.27,99.81,98.07,103.75,112.13,103.60,131.08,115.78,110.13,104.52,100.92,101.75,100.49,100.28,100.87,100.90,101.34,101.35,102.41,102.72,106.40,106.90,106.10,120.20,126.60,109.50,107.71,102.20,102.70,34.93,97.95,97.59,97.90,97.12,98.80,98.90,96.04,72.16,101.52,101.17,100.65,86.31,07.ìàé,èþí.82,119.40,2.00,àïð.46,15.ìàé,íîÿ.20,äåê.33,èþí.73,èþí.20,19.70,20.57,98.10,103.35,îêò.85,100.14,101.28
2014-06,98.34,103.68,95.95,94.81,96.69,99.51,110.27,107.40,125.77,109.77,106.48,104.01,100.33,99.82,100.20,101.29,100.75,103.40,100.89,101.03,102.73,102.03,103.20,103.50,103.00,90.80,90.60,96.40,96.95,102.20,102.70,34.41,98.51,97.75,106.20,103.00,106.60,101.06,103.63,105.92,101.44,101.14,101.72,106.07,èþí.51,èþí.76,91.25,2.00,ñåí.17,13.59,äåê.33,äåê.31,0.96,èþí.86,24.00,23.79,104.40,98.23,èþë.18,98.22,100.48
2014-07,97.55,101.37,95.71,94.46,96.02,100.43,107.57,108.87,120.37,103.69,102.24,104.46,100.89,100.62,100.42,101.96,100.66,104.75,102.32,101.88,100.80,102.01,102.90,101.50,103.90,96.20,95.90,97.80,100.29,99.50,99.80,34.64,100.67,100.87,91.40,99.04,92.20,106.89,106.83,97.06,101.97,101.79,101.19,104.80,ìàé.71,èþí.48,107.76,ÿíâ.96,13.26,13.33,11.àïð,íîÿ.85,ìàé.69,àâã.32,20.30,21.80,97.40,103.12,ñåí.48,105.29,101.81
2014-08,97.12,101.18,92.64,98.40,91.90,94.30,104.48,110.16,111.51,102.04,93.96,98.50,100.46,100.17,100.44,100.91,100.97,99.66,102.96,102.40,99.56,101.23,101.60,100.00,102.80,99.00,98.70,86.70,93.85,97.60,97.60,36.11,104.24,102.68,95.00,97.94,95.40,92.19,92.58,101.46,101.45,101.15,99.79,82.86,ìàé.43,èþí.41,96.61,04.àâã,19.ñåí,îêò.48,12.00,äåê.69,ìàé.19,èþë.89,äåê.30,17.54,107.80,106.87,èþë.82,98.94,97.30
2014-09,96.75,98.95,91.89,97.29,96.96,93.36,101.08,109.00,102.47,99.28,91.10,91.96,101.34,100.74,100.26,103.73,100.53,102.09,101.10,101.37,98.50,99.74,94.60,94.70,94.50,101.70,100.10,107.60,108.10,97.40,97.70,37.87,104.87,104.69,103.20,100.93,104.60,93.83,92.25,104.87,100.88,100.57,101.12,116.27,ìàé.45,èþí.33,100.88,6.00,20.37,èþë.88,13.87,14.26,èþë.80,ñåí.52,àïð.30,25.00,100.10,104.69,èþë.84,102.54,100.25
2014-10,100.00,99.39,96.63,100.70,101.56,104.18,101.09,108.34,99.01,99.97,92.52,95.80,100.31,100.36,100.43,100.07,100.52,101.46,100.58,100.97,95.07,94.77,101.70,101.60,101.80,99.70,96.90,106.70,102.77,94.10,94.60,40.76,107.63,108.04,104.40,104.16,104.70,100.93,103.31,97.65,100.68,100.26,100.05,111.30,06.èþë,èþí.70,93.91,13.46,22.67,17.70,17.59,17.76,àâã.53,íîÿ.81,-4.70,19.23,106.20,102.96,13.èþë,105.74,102.11
2014-11,98.98,98.22,95.83,101.03,100.76,96.68,100.05,106.41,94.88,101.00,93.23,92.62,101.11,102.23,100.44,100.41,101.03,94.98,100.78,100.78,105.34,102.81,102.20,100.00,103.80,101.30,100.00,102.90,103.71,90.70,92.00,45.86,112.51,111.48,97.10,96.87,98.20,88.50,86.62,92.24,100.40,100.05,101.61,91.09,èþí.50,èþí.77,93.52,24.49,27.59,23.88,25.64,24.49,13.86,15.93,-11.90,23.38,96.00,99.77,18.81,103.08,103.85
2014-12,97.15,94.54,95.95,101.47,97.07,94.66,97.20,100.60,91.04,102.48,90.50,87.67,102.36,102.92,102.93,100.78,102.29,90.19,101.68,101.24,106.01,105.67,128.90,128.60,129.10,113.40,113.70,96.40,97.62,84.30,86.30,55.41,120.82,121.25,124.10,99.27,127.00,116.78,123.56,108.48,99.13,98.78,99.36,183.58,èþí.67,èþí.40,91.58,14.58,25.44,18.32,30.45,28.39,15.69,22.èþë,-14.40,24.14,130.30,95.67,17.00,106.94,105.89
2015-01,95.78,95.39,93.81,95.51,97.05,100.12,102.96,106.12,94.45,108.25,97.13,97.07,102.33,103.49,101.73,101.34,102.23,97.71,103.62,104.21,106.99,106.91,61.60,68.00,57.00,76.10,74.20,83.10,97.90,93.50,97.20,61.70,111.35,112.40,74.10,99.19,75.80,42.21,40.03,49.60,98.92,98.38,99.69,37.40,èþë.49,èþí.69,88.11,14.89,22.44,19.50,25.91,24.31,16.34,26.74,àâã.90,18.27,55.90,103.35,17.91,99.78,103.57
2015-02,97.75,96.79,103.01,95.94,100.19,95.11,100.64,102.71,97.29,103.85,97.31,92.32,102.27,103.72,101.83,100.61,102.55,101.16,101.63,101.51,104.76,104.31,97.60,97.00,98.10,100.70,102.80,110.00,99.52,99.70,101.10,64.63,104.75,105.37,96.90,99.52,99.10,103.10,104.72,112.32,98.55,97.95,97.30,120.34,èþë.69,èþí.72,93.25,ôåâ.17,16.54,äåê.56,20.22,19.99,17.86,20.39,14.20,26.94,121.50,105.48,15.19,100.78,102.84
2015-03,97.11,96.36,99.97,97.95,97.31,90.75,97.74,98.97,97.26,101.73,94.69,83.79,101.38,101.81,101.81,100.14,101.83,110.06,100.56,100.69,104.02,103.47,105.20,103.40,106.80,114.60,117.50,111.30,98.53,110.10,110.50,60.23,93.19,93.77,104.00,97.17,105.40,119.82,115.90,123.82,98.60,98.08,98.07,125.63,èþë.82,èþí.95,99.34,-4.44,ìàð.35,10.00,14.83,15.41,äåê.38,15.38,äåê.50,27.72,93.50,94.37,íîÿ.18,99.56,100.19
2015-04,99.05,100.95,95.22,98.68,99.19,98.73,96.81,99.91,92.61,100.39,93.93,82.72,100.54,100.44,100.94,100.18,100.80,97.43,100.99,101.04,100.64,101.17,96.80,94.90,98.40,104.80,106.80,100.80,102.26,113.70,113.10,52.87,87.78,88.39,103.00,103.07,103.60,112.94,111.13,105.22,100.11,100.05,97.46,97.87,èþë.74,07.äåê,98.68,-4.35,02.ìàé,èþí.60,íîÿ.47,äåê.77,06.ìàð,ñåí.64,13.îêò,23.62,109.50,102.88,èþí.31,96.87,98.32
2015-05,100.35,101.84,99.22,97.47,102.85,102.02,97.15,101.74,91.88,97.84,96.61,84.39,100.31,99.62,100.71,100.90,100.58,102.78,100.15,100.16,100.83,101.13,102.40,103.10,101.90,106.40,110.20,102.60,100.81,102.10,102.10,50.58,95.67,95.32,102.60,101.80,102.90,99.91,97.64,85.01,99.28,98.93,99.55,93.07,èþë.41,èþë.18,125.50,-10.87,ÿíâ.99,06.èþí,íîÿ.60,äåê.73,ÿíâ.52,èþí.63,14.îêò,23.74,91.20,96.42,ìàð.78,98.62,99.75
2015-06,99.49,99.07,97.56,101.02,101.48,93.40,96.65,100.79,89.64,98.84,98.03,78.83,100.21,99.90,99.93,101.05,100.25,103.97,99.97,100.10,100.28,99.58,103.00,101.00,104.70,98.90,99.60,101.30,101.85,93.30,93.50,54.50,107.75,107.01,101.90,98.74,102.10,116.74,121.13,108.38,99.35,99.08,99.06,111.74,èþí.69,èþí.94,90.91,-4.26,07.ìàð,07.èþë,äåê.71,äåê.68,ÿíâ.53,èþí.91,21.îêò,28.43,106.50,100.28,àïð.28,98.48,100.73
2015-07,99.22,100.48,93.75,102.32,94.32,102.50,95.90,101.27,84.03,101.13,92.46,80.79,100.97,100.58,100.75,101.88,100.52,104.38,100.47,100.03,97.35,98.55,102.50,102.80,102.20,96.00,95.30,97.40,99.88,96.70,97.50,57.07,104.72,104.90,94.20,101.85,95.10,102.49,104.02,116.06,99.99,99.54,100.80,93.40,ìàé.92,èþí.69,106.47,-2.17,14.90,11.00,13.32,14.14,äåê.50,íîÿ.97,17.40,30.69,102.60,108.40,íîÿ.75,105.23,101.75
2015-08,95.48,100.10,97.26,92.86,91.03,90.03,91.56,101.37,81.73,93.91,84.17,72.74,100.49,99.37,101.24,101.27,100.84,99.37,100.67,100.11,97.17,98.83,102.60,100.70,104.10,94.30,94.00,89.20,96.33,88.30,88.60,65.15,114.16,112.57,94.80,97.74,95.30,98.32,98.70,111.39,99.96,99.42,102.07,82.14,ìàé.56,èþí.53,92.82,0.00,14.55,12.00,13.ÿíâ,13.72,9.00,îêò.64,17.00,27.36,95.40,94.42,îêò.49,107.34,105.70
2015-09,99.39,97.87,104.07,98.48,99.60,103.19,91.01,99.22,85.05,92.49,83.83,75.06,100.57,100.32,101.30,100.02,100.76,98.28,101.17,101.44,100.28,101.52,91.50,94.30,89.50,100.50,98.30,104.90,105.40,98.60,99.00,66.77,102.49,102.30,102.70,100.42,103.30,93.41,96.56,107.57,99.77,99.13,101.15,110.71,ìàé.65,èþí.52,97.02,21.28,17.96,14.èþë,äåê.16,äåê.55,11.00,îêò.95,3.00,31.34,94.50,99.08,äåê.53,103.47,101.18
2015-10,101.51,95.22,105.79,101.36,107.05,117.23,92.39,94.48,89.98,93.75,89.74,87.99,100.39,100.89,100.63,99.31,100.17,99.37,99.38,99.77,100.40,100.10,102.40,101.90,102.70,93.10,89.70,109.60,105.65,105.70,106.20,63.07,94.46,94.86,102.40,102.15,102.80,99.35,98.80,91.96,99.28,98.55,99.68,120.88,06.èþí,èþí.69,84.36,35.00,19.ìàé,18.18,13.20,13.38,16.67,îêò.32,-1.00,26.90,110.10,106.86,17.42,102.74,99.12
2015-11,97.05,96.44,91.48,98.65,97.01,104.61,89.66,91.12,82.32,92.48,87.06,92.05,100.45,100.54,100.70,99.99,100.49,95.85,100.72,100.72,101.52,99.01,98.10,99.80,96.70,106.30,106.90,92.70,93.54,100.00,100.70,65.03,103.11,102.09,97.80,97.59,98.20,98.20,100.13,90.18,99.55,98.93,99.45,88.67,èþí.61,èþí.88,106.63,40.00,16.74,24.88,15.39,14.25,18.91,ñåí.48,-5.00,31.50,93.60,97.40,21.87,99.01,99.78
2015-12,99.26,97.59,100.58,98.87,101.82,100.65,89.00,88.92,82.79,91.43,88.64,92.65,100.52,100.86,100.19,100.44,100.35,92.32,100.04,99.61,100.89,100.54,114.70,118.10,111.90,104.30,102.90,100.90,102.09,93.50,94.10,69.66,107.12,107.57,125.10,100.27,125.80,125.42,136.69,127.89,99.40,95.84,99.00,135.78,èþë.19,èþí.92,116.26,37.50,18.46,25.25,17.47,15.42,13.50,îêò.84,-9.00,31.66,131.40,96.74,19.30,102.40,101.34
2016-01,97.47,96.78,98.01,97.89,98.40,95.94,90.28,89.55,84.44,93.14,90.77,92.50,100.62,100.34,100.24,101.57,100.25,92.22,100.22,100.79,100.27,100.20,73.30,76.40,70.70,88.20,86.70,81.00,95.77,92.60,93.60,76.25,109.46,110.51,74.70,99.78,75.20,67.38,56.97,60.17,99.58,99.21,99.55,60.13,èþë.70,èþí.90,98.99,20.00,îêò.61,21.ìàð,15.68,14.èþí,äåê.89,äåê.37,20.80,22.51,52.90,100.33,16.92,98.05,101.85
2016-02,101.39,102.05,99.32,99.68,108.02,93.84,91.54,91.39,83.87,92.85,98.05,86.80,100.60,101.09,100.54,99.86,100.51,103.68,100.98,100.86,100.48,100.04,100.10,99.30,100.90,98.30,99.50,111.50,101.09,98.30,98.40,77.22,101.27,101.89,100.20,102.80,100.80,114.46,126.12,105.16,99.70,98.94,99.12,108.68,èþë.91,èþí.94,97.13,-12.50,09.èþí,îêò.94,13.69,13.47,15.71,îêò.27,28.00,26.32,131.80,115.82,13.31,100.10,102.16
2016-03,101.60,100.23,97.25,99.06,105.62,117.09,93.00,91.60,81.56,91.97,103.56,101.64,100.29,100.40,100.46,99.87,100.58,103.95,101.58,101.71,100.02,99.48,103.30,103.60,103.00,102.80,103.20,114.20,101.47,108.80,109.00,70.47,91.26,91.82,105.10,98.26,105.40,109.11,106.76,124.37,98.59,97.68,97.54,130.16,08.ôåâ,èþë.14,103.27,-48.65,èþí.56,ôåâ.19,äåê.44,13.ôåâ,èþí.67,àâã.81,21.20,28.33,100.30,101.25,àïð.41,97.71,98.35
2016-04,102.01,102.10,100.62,102.26,103.92,98.27,94.87,93.53,82.07,94.05,107.62,99.88,100.69,100.30,100.38,101.77,100.59,96.77,99.70,99.74,99.46,99.99,99.30,100.10,98.60,103.20,105.20,100.70,102.14,103.60,103.80,66.68,94.62,95.22,102.10,102.17,102.80,106.36,106.07,98.84,100.08,99.53,99.43,94.40,èþë.98,èþë.36,101.08,-58.82,àïð.66,-1.25,íîÿ.55,äåê.83,àïð.94,èþë.47,äåê.40,17.39,110.40,103.74,ÿíâ.82,97.66,99.10
2016-05,101.58,102.55,94.24,103.04,98.41,111.67,96.37,95.91,77.34,96.91,105.91,111.54,100.28,99.99,100.30,100.74,100.34,102.74,100.29,100.30,99.32,99.61,103.80,102.50,105.00,99.60,101.30,100.80,99.03,101.80,102.00,65.66,98.47,98.14,103.60,102.78,103.90,99.27,95.88,92.10,99.93,99.52,99.93,85.73,èþë.68,èþë.45,120.51,-67.65,àïð.72,-5.77,íîÿ.57,äåê.68,0.63,èþí.47,ñåí.50,20.38,84.90,90.09,-2.59,100.00,101.12
2016-06,103.59,104.58,101.66,103.35,98.37,114.81,99.83,100.30,78.62,100.15,104.18,128.06,100.29,100.17,100.56,100.16,100.27,106.46,100.40,100.53,103.96,103.26,100.30,98.50,102.00,103.70,104.50,102.60,103.14,101.00,101.40,65.31,99.47,98.75,102.00,98.89,102.30,105.05,107.11,102.82,99.93,99.55,99.95,123.62,07.èþí,èþë.31,92.42,-32.35,àâã.76,ìàé.19,äåê.14,12.ñåí,àâã.92,èþë.42,21.00,24.36,111.80,105.54,07.ìàé,100.21,102.46
2016-07,99.08,101.09,102.85,96.02,96.92,100.98,98.91,101.40,80.87,96.17,100.97,129.32,100.63,100.16,100.13,102.05,100.35,99.42,101.03,100.59,97.71,98.90,105.30,100.30,109.70,100.20,100.00,95.10,97.57,102.50,102.90,64.33,98.50,98.67,90.40,98.06,91.00,99.25,99.28,105.45,100.21,99.78,100.37,93.64,èþí.72,èþë.49,97.94,20.00,13.87,íîÿ.84,10.ñåí,îêò.92,15.ìàð,àâã.61,26.îêò,21.85,96.70,102.58,13.43,105.30,101.83
2016-08,102.49,101.16,107.62,98.77,107.87,102.47,101.38,102.57,87.03,94.99,108.92,132.52,99.91,99.06,100.28,100.85,100.60,96.90,101.36,100.80,98.57,100.23,102.80,101.80,103.70,104.00,104.80,96.10,103.22,98.10,98.10,64.92,100.92,99.31,101.00,103.94,100.90,117.00,115.46,104.74,100.67,100.38,100.88,86.64,èþí.54,èþë.52,103.40,0.00,19.îêò,èþí.58,ñåí.90,îêò.61,13.73,èþë.30,15.70,32.24,102.50,101.48,10.äåê,102.27,100.64
2016-09,100.83,98.38,111.06,96.62,101.88,106.71,102.22,100.92,96.65,91.77,110.97,141.41,100.12,99.77,100.37,100.38,100.30,100.49,100.30,100.57,98.46,99.69,95.80,97.80,94.30,86.20,85.10,103.40,103.89,100.70,100.60,64.60,99.51,99.33,102.00,99.71,102.10,91.64,91.89,89.94,99.92,99.44,99.64,112.13,èþí.49,èþë.36,107.76,23.33,16.33,13.16,îêò.38,îêò.77,20.26,07.èþë,ìàé.20,37.50,97.10,101.66,16.68,103.19,100.90
2016-10,99.83,98.06,103.20,100.53,97.63,103.45,102.05,98.96,99.74,92.26,108.34,146.29,100.35,100.69,100.56,99.53,100.24,104.02,101.42,101.82,100.56,100.26,103.50,102.20,104.50,110.20,108.30,103.50,99.53,104.20,104.20,62.68,97.03,97.42,99.20,98.94,99.50,96.25,96.70,99.18,99.85,99.14,99.26,100.39,èþí.42,07.ìàé,99.47,19.35,14.59,îêò.39,10.îêò,îêò.29,13.73,èþë.42,-3.90,21.57,98.40,95.16,12.ìàé,98.88,95.25
2016-11,99.87,100.45,100.79,99.12,104.23,91.07,101.91,99.41,100.54,91.44,112.92,133.22,100.34,100.82,100.47,99.42,100.34,101.81,101.18,101.18,99.98,97.48,98.50,101.30,96.40,101.00,99.50,95.40,96.27,99.50,99.80,64.36,102.68,101.67,100.80,100.60,101.10,103.21,105.73,106.82,100.11,99.36,99.82,100.78,èþí.69,èþí.96,108.52,18.75,13.64,äåê.50,íîÿ.54,îêò.40,íîÿ.33,èþí.80,-7.90,25.17,96.00,99.82,íîÿ.92,98.68,99.46
2016-12,99.25,97.01,101.80,100.22,103.85,91.44,101.15,96.44,102.34,91.65,117.27,121.81,100.28,100.34,100.21,100.28,100.27,100.70,100.10,99.67,96.97,96.62,113.50,117.10,110.50,109.30,109.20,100.30,101.46,105.90,105.90,62.18,96.61,97.08,127.90,103.08,128.30,106.40,109.69,165.70,99.98,99.03,92.11,146.78,èþë.23,èþí.96,98.62,äåê.90,íîÿ.72,äåê.75,äåê.35,îêò.30,îêò.81,07.àïð,-1.40,34.25,131.10,96.41,íîÿ.78,102.30,101.24
2017-01,102.75,101.43,102.44,102.94,101.75,109.89,100.42,94.51,101.30,91.15,115.29,129.34,100.31,100.40,100.12,100.39,100.10,103.95,100.47,101.03,101.42,101.35,85.70,85.70,85.70,86.10,85.60,83.90,98.65,103.70,104.00,59.96,96.43,97.48,73.10,98.17,73.30,74.92,66.40,40.27,99.65,99.63,99.69,49.73,èþë.86,07.èþí,95.72,09.ñåí,èþë.41,íîÿ.19,ñåí.79,àâã.15,ñåí.52,èþë.33,18.90,15.17,68.30,115.72,îêò.35,93.72,97.53
2017-02,100.43,102.16,100.69,101.49,96.24,99.78,100.85,96.55,101.99,92.51,110.96,129.06,100.26,100.30,100.27,100.17,100.15,96.12,99.78,99.67,100.41,99.97,98.50,98.40,98.60,96.60,97.30,107.40,97.05,101.70,101.40,58.39,97.38,97.99,99.50,102.09,99.80,108.31,113.60,103.11,99.74,99.42,97.84,110.04,08.ÿíâ,07.àïð,101.18,-9.38,ôåâ.17,èþë.38,èþë.74,èþë.53,èþí.67,àïð.81,22.40,24.67,111.40,95.45,07.ôåâ,97.00,99.06
2017-03,98.09,101.83,101.41,97.63,94.10,89.11,98.92,98.32,103.43,90.32,104.42,115.01,99.85,99.66,99.92,100.08,99.93,100.54,99.17,99.30,100.01,99.47,105.20,104.60,105.80,110.00,111.30,112.30,99.60,100.30,100.20,58.10,99.50,100.05,110.80,103.95,110.60,128.37,132.52,174.98,100.48,100.22,100.92,119.61,èþë.57,èþí.69,102.27,-37.50,-2.34,-4.00,èþí.76,èþë.34,ìàð.95,àïð.62,18.70,21.33,106.90,107.90,-0.07,100.00,100.63
2017-04,98.85,102.02,99.42,98.90,96.06,90.93,97.79,100.31,102.84,89.32,100.31,104.58,100.23,100.37,100.02,100.23,100.09,101.70,99.34,99.38,98.72,99.25,98.70,98.40,98.90,95.30,95.80,100.00,101.41,102.40,102.40,56.43,97.13,97.71,100.10,100.17,100.30,95.96,97.26,91.86,100.56,100.14,101.19,109.15,èþë.33,èþí.71,99.40,-31.03,-3.31,ìàð.47,èþí.95,àâã.22,-2.04,ôåâ.71,äåê.40,20.69,94.90,88.20,0.70,97.73,99.17
2017-05,102.38,101.92,104.78,101.60,104.48,97.69,100.12,102.23,107.76,90.76,104.80,102.17,100.25,100.39,100.03,100.28,99.98,104.17,100.17,100.18,100.17,100.45,103.10,100.80,105.20,99.40,101.20,102.00,100.23,97.10,97.40,57.17,101.31,101.00,104.20,103.36,104.50,110.27,108.05,102.33,100.32,100.76,100.26,91.32,èþë.17,èþí.94,119.07,-21.43,0.63,0.73,èþë.65,àâã.76,-1.42,ôåâ.56,ìàð.60,16.55,101.40,106.57,-0.35,99.26,100.38
2017-06,100.58,101.23,104.60,104.61,95.61,86.55,100.70,103.49,112.72,94.94,100.20,88.43,101.23,102.35,100.09,100.76,100.21,100.08,100.39,100.52,101.28,100.58,100.30,97.90,102.30,106.50,107.60,99.40,99.94,98.00,98.50,57.82,101.14,100.44,100.10,97.02,101.30,102.16,102.91,98.94,100.65,100.16,99.48,113.53,èþí.96,èþë.20,93.48,-3.33,ìàé.96,èþë.19,ñåí.59,ñåí.53,-3.55,ìàð.15,17.îêò,19.42,103.50,97.20,ÿíâ.75,98.62,100.86
2017-07,102.31,100.50,103.87,104.95,99.17,105.19,103.03,104.02,117.07,99.64,99.36,93.01,99.94,98.76,100.10,101.58,100.09,99.50,100.39,99.95,98.69,99.88,100.60,99.40,101.60,100.10,100.10,99.90,102.36,95.90,95.90,59.67,103.20,103.36,92.00,99.67,91.90,101.10,102.58,96.38,101.27,101.12,100.87,88.13,èþí.48,èþë.24,103.07,äåê.90,èþë.69,10.00,èþë.23,08.èþë,ìàð.52,ìàé.47,24.50,23.74,90.70,96.64,èþí.74,104.20,100.73
2017-08,99.11,99.17,102.63,95.22,102.58,98.27,102.11,103.15,120.15,94.87,101.93,91.40,99.28,97.84,100.21,100.47,100.16,100.29,100.12,99.56,99.54,101.20,102.00,100.50,103.20,99.70,99.20,90.30,97.41,98.40,97.70,59.65,99.97,98.34,99.20,102.14,98.50,107.59,108.63,125.93,101.53,101.31,101.53,95.08,èþí.21,èþë.18,102.00,ìàð.33,èþë.25,10.èþë,èþí.77,èþë.48,-3.47,ìàð.74,13.40,23.24,106.70,105.64,ìàð.19,102.38,100.75
2017-09,100.55,98.81,101.29,99.80,104.70,100.14,102.67,101.92,121.70,94.69,106.72,91.53,99.38,98.77,100.28,99.33,100.02,103.55,99.09,99.36,97.81,99.04,97.50,99.50,96.00,99.90,99.30,99.70,100.18,102.60,102.20,57.69,96.71,96.54,105.90,103.60,105.20,91.86,93.52,102.83,101.07,100.48,101.27,106.50,èþí.25,07.äåê,107.45,ñåí.38,ñåí.43,èþí.38,èþí.60,èþí.98,-2.10,ôåâ.75,7.00,25.53,99.70,104.25,02.îêò,102.42,100.14
2017-10,99.02,99.27,97.44,99.65,98.89,99.65,101.67,101.18,118.59,94.35,105.53,91.21,100.06,100.23,100.35,99.51,100.04,102.95,97.99,98.39,94.28,93.99,101.00,97.90,103.50,83.90,80.40,105.30,101.30,101.40,101.20,57.73,100.07,100.46,101.70,101.44,101.80,106.77,108.40,85.38,100.80,100.84,100.84,107.41,èþí.43,07.èþí,100.73,20.00,ñåí.32,èþí.57,07.ôåâ,èþë.20,-1.44,ôåâ.84,àïð.30,21.32,98.00,94.77,ôåâ.53,103.55,99.92
2017-11,100.02,99.99,96.54,100.39,101.14,104.53,101.69,101.18,114.48,94.72,106.74,95.33,100.05,99.87,100.36,100.00,99.92,101.20,98.90,98.90,95.92,93.44,98.40,98.70,98.20,111.90,113.30,98.30,99.19,98.30,98.30,58.92,102.06,101.06,101.70,101.52,101.80,101.46,102.23,104.24,101.07,100.54,100.69,98.16,èþí.68,èþí.95,103.62,18.75,ñåí.54,10.èþë,àâã.76,èþë.63,ôåâ.84,ìàð.20,-1.40,23.19,101.30,105.15,èþí.42,98.57,99.36
2017-12,97.45,97.62,96.31,100.29,94.34,95.95,99.10,98.76,110.26,95.00,100.70,91.47,100.58,100.99,100.39,100.20,100.13,98.98,98.69,98.27,99.18,98.82,115.00,120.60,110.80,115.50,115.40,98.90,100.04,100.10,100.10,58.59,99.44,99.92,126.10,101.28,126.80,112.78,117.07,120.28,101.11,100.30,100.48,157.32,07.ôåâ,èþí.75,92.31,20.00,àïð.95,íîÿ.36,ñåí.31,èþë.26,0.73,3.00,àâã.20,24.81,130.70,96.01,ìàé.98,100.77,99.71
2018-01,100.34,99.53,98.81,102.74,100.29,97.99,95.07,94.00,104.18,93.32,96.57,85.70,99.87,99.75,100.36,99.56,100.03,99.40,100.04,100.59,99.41,99.34,82.40,86.30,79.20,88.00,87.20,91.10,105.84,101.10,101.10,56.78,96.91,97.97,77.70,102.77,77.60,66.27,62.33,70.76,101.01,101.23,99.11,50.27,èþë.79,èþí.99,104.17,14.81,ÿíâ.41,îêò.69,07.äåê,ìàé.48,ìàð.73,àïð.49,15.00,21.21,60.50,107.90,èþë.18,95.40,99.21
2018-02,101.12,101.39,102.60,103.38,97.31,96.25,96.14,95.30,106.89,96.48,93.97,82.49,100.38,100.62,100.13,100.30,100.15,101.75,99.97,99.86,99.08,98.64,98.20,99.00,97.50,93.10,93.70,103.40,93.10,98.50,98.30,56.81,100.05,100.65,99.60,102.18,100.00,126.14,127.86,94.49,100.88,100.34,99.67,117.82,èþë.92,èþí.95,99.88,-55.17,-2.16,-3.05,èþí.77,èþí.58,-6.87,ìàð.33,16.70,15.àâã,123.00,107.06,-4.97,97.49,99.56
2018-03,101.20,100.23,102.33,103.53,99.74,96.41,97.30,95.53,109.39,99.88,93.73,79.53,100.18,99.66,100.32,100.73,100.02,100.86,98.94,99.07,99.25,98.72,107.00,104.10,109.50,111.10,112.70,111.50,98.83,99.70,100.00,57.03,100.39,100.92,110.60,103.75,110.80,117.72,118.49,124.68,101.39,100.78,100.67,119.74,èþë.61,èþí.74,104.64,-4.00,-6.11,îêò.24,èþë.71,àâã.29,-5.43,ôåâ.96,14.îêò,22.22,99.00,100.05,ôåâ.25,100.52,101.14
2018-04,99.49,98.71,98.83,102.06,98.61,94.94,96.80,94.30,108.10,101.94,92.42,75.51,100.25,99.91,100.45,100.52,100.06,106.90,101.24,101.27,98.82,99.34,99.40,99.40,99.40,98.50,99.30,100.40,101.79,94.90,95.00,60.43,105.96,106.54,97.80,97.87,98.00,103.33,104.40,105.16,101.78,101.18,101.26,89.65,èþë.17,èþí.55,100.21,-28.00,-6.48,07.ñåí,àâã.53,ñåí.80,0.00,ìàð.96,14.00,19.53,105.60,98.87,ìàð.51,101.13,102.56
2018-05,100.10,99.38,101.30,101.45,98.02,99.51,96.90,93.71,109.51,103.41,90.59,75.14,100.69,100.69,101.18,100.23,100.27,112.15,101.02,101.03,101.50,101.77,102.70,100.50,104.60,104.70,106.20,103.90,102.14,99.80,99.90,62.21,102.95,102.65,102.90,102.04,103.60,107.42,104.83,96.31,102.09,102.09,101.39,102.10,èþí.97,èþí.74,106.94,-16.00,-2.97,èþí.45,09.íîÿ,îêò.20,08.èþí,05.èþí,íîÿ.20,21.14,92.90,98.06,èþë.26,103.85,104.96
2018-06,98.26,99.73,100.77,95.58,96.95,101.20,95.21,93.46,110.36,98.84,87.83,76.04,100.18,99.75,100.14,100.78,100.00,99.84,100.80,100.92,102.19,101.49,102.20,100.30,103.60,101.30,102.70,97.20,97.73,100.60,100.90,62.71,100.80,100.12,101.90,98.85,102.10,97.97,98.62,104.85,101.97,101.65,101.59,122.93,èþí.65,èþí.89,104.87,-4.55,àïð.86,ìàé.79,íîÿ.49,íîÿ.42,àïð.92,ìàé.50,14.80,21.ÿíâ,106.80,100.47,ìàé.35,99.51,101.75
2018-07,98.06,99.53,98.08,97.68,97.28,93.72,93.37,93.02,108.24,96.55,85.44,71.26,100.69,100.44,100.14,101.52,100.32,97.80,101.69,101.25,102.79,103.97,101.90,102.00,101.80,103.90,102.80,104.10,106.55,100.80,101.00,62.88,100.27,100.42,91.10,98.79,91.70,107.88,106.73,105.48,102.33,102.27,102.12,83.48,èþí.31,07.èþë,106.24,íîÿ.54,ñåí.74,ìàé.38,ñåí.91,îêò.75,-3.85,àâã.40,13.70,18.60,90.10,96.09,0.72,104.42,100.95
2018-08,100.95,101.20,98.48,105.09,97.17,94.62,94.26,94.14,106.60,101.46,83.02,67.43,100.21,99.80,100.29,100.66,100.37,101.46,101.05,100.49,100.09,101.75,102.20,96.20,106.80,97.10,97.20,91.80,98.91,97.10,96.80,66.09,105.10,103.46,97.80,100.74,98.00,105.78,102.75,99.00,102.37,102.66,101.37,91.55,ìàé.99,èþí.96,99.06,31.82,13.96,14.96,íîÿ.20,íîÿ.92,àïð.62,àâã.65,14.20,25.78,103.70,102.61,ñåí.72,104.14,102.51
2018-09,98.23,98.20,99.85,97.05,97.52,102.58,92.59,92.44,106.44,98.46,80.96,69.17,99.61,99.44,100.55,98.96,100.39,106.57,100.04,100.31,101.10,102.33,95.40,97.90,93.70,94.60,94.40,96.10,96.57,98.00,97.60,67.65,102.36,102.19,103.60,101.29,103.20,91.41,94.77,107.60,101.98,101.73,102.24,108.62,ìàé.90,èþí.77,101.36,25.00,18.47,äåê.50,íîÿ.71,12.îêò,ñåí.38,ñåí.29,03.îêò,28.91,97.40,101.93,îêò.93,102.71,100.42
2018-10,99.01,98.15,94.93,100.51,98.78,108.70,91.67,90.74,101.04,98.96,79.98,75.19,100.39,100.66,100.60,99.85,100.58,104.83,100.75,101.15,101.39,101.10,100.60,100.80,100.40,104.20,102.50,103.90,99.88,103.40,103.30,65.89,97.40,97.79,100.10,99.83,100.50,107.76,108.77,101.73,101.59,101.73,101.49,106.66,èþí.17,èþí.81,92.18,26.92,14.38,20.45,13.52,13.71,15.38,àâã.48,6.00,22.31,105.10,101.88,17.90,102.64,99.01
2018-11,98.83,100.62,97.27,98.83,94.19,104.39,90.59,91.30,98.28,97.81,75.33,78.49,100.60,101.09,100.56,100.01,100.67,96.46,100.16,100.16,104.21,101.74,98.80,100.20,97.80,100.80,99.80,97.80,98.72,99.60,100.30,66.24,100.53,99.54,98.40,98.23,99.00,100.35,99.79,98.37,102.14,101.80,102.03,102.50,èþí.42,èþí.69,99.40,66.67,16.81,34.07,19.78,18.65,16.18,èþë.76,-8.80,23.13,89.80,93.67,24.95,100.17,100.96
2018-12,100.04,100.01,97.85,101.42,100.32,98.06,90.63,91.30,96.17,99.19,75.57,76.97,100.80,101.72,100.12,100.24,100.68,88.57,101.95,101.54,102.93,102.57,114.70,122.90,108.50,104.70,103.20,103.70,104.81,98.20,99.00,67.30,101.60,102.09,124.80,99.99,125.80,108.88,112.47,113.74,100.19,100.15,99.22,153.72,èþí.73,èþí.47,95.42,44.00,19.68,32.79,25.29,23.24,15.57,ñåí.59,èþí.50,35.77,144.00,109.30,24.ôåâ,102.22,101.15
2019-01,101.13,99.33,103.17,100.58,104.44,101.32,93.77,92.79,101.51,102.08,80.75,79.79,101.24,101.13,100.82,101.83,100.99,93.90,100.64,101.18,101.15,101.08,81.70,82.20,81.30,92.30,92.30,87.50,102.23,99.60,100.30,67.33,100.05,101.11,77.00,102.06,78.00,77.49,68.52,63.70,100.67,99.23,99.57,44.28,èþë.16,èþí.36,100.57,18.18,ñåí.44,17.89,14.72,13.èþë,20.97,19.79,20.80,31.97,52.23,99.62,19.42,94.90,98.72
2019-02,100.78,100.89,102.79,99.09,101.90,101.22,94.50,93.62,104.35,101.15,82.29,80.76,100.51,100.95,100.21,100.28,100.24,98.47,100.03,99.92,101.11,100.68,98.40,99.30,97.60,95.50,95.70,106.40,96.16,102.30,102.20,65.86,97.81,98.40,99.30,101.86,99.80,105.27,112.59,112.36,101.10,100.66,100.12,123.90,èþë.38,èþí.41,95.71,-4.00,ìàð.91,10.00,îêò.63,îêò.45,14.50,ñåí.98,23.13,30.30,106.19,90.27,äåê.24,97.36,99.43
2019-03,99.10,101.59,101.81,96.79,95.89,97.95,93.65,95.11,106.24,97.91,78.90,79.10,100.41,100.08,100.38,100.87,100.46,100.95,101.51,101.65,102.39,101.86,107.00,104.00,109.60,105.10,106.60,110.90,98.25,101.20,101.20,65.14,98.91,99.43,110.90,104.04,111.40,119.90,114.40,117.79,101.62,101.68,101.59,110.16,èþë.25,èþí.38,102.07,-10.00,-2.30,ìàé.31,àâã.62,ñåí.20,11.ôåâ,èþë.30,15.45,22.58,85.47,86.57,àâã.14,101.09,101.71
2019-04,100.49,103.36,100.45,97.06,100.89,100.75,94.11,98.30,106.72,95.03,79.60,79.70,100.22,100.77,100.08,99.68,100.26,102.73,99.83,99.86,100.76,101.28,99.00,99.10,99.00,96.60,97.50,98.80,100.17,101.50,101.20,64.62,99.19,99.77,99.80,99.87,100.00,104.06,105.71,111.75,101.98,102.11,101.77,106.84,èþí.95,èþí.33,98.57,-16.67,-2.00,èþí.40,èþë.99,ñåí.25,àâã.87,ìàé.75,äåê.70,24.00,121.41,114.65,èþë.63,98.66,100.09
2019-05,100.65,102.84,100.44,99.61,99.23,96.82,94.71,101.10,107.19,94.66,78.99,77.17,100.32,100.60,100.09,100.20,100.20,106.83,100.09,100.10,100.87,101.14,104.80,102.70,106.50,107.80,110.30,98.40,96.64,100.50,100.50,64.82,100.31,100.02,103.90,103.02,104.20,94.57,91.40,84.27,101.65,101.93,100.56,94.78,èþí.70,èþí.47,106.32,-4.20,-1.50,àâã.50,àâã.90,ñåí.99,ìàð.90,04.îêò,14.50,27.69,106.81,111.95,èþí.19,99.82,100.92
2019-06,101.17,100.69,96.53,104.90,98.68,104.18,95.82,101.80,103.47,99.30,77.95,80.39,100.21,99.53,100.02,101.29,100.03,96.40,99.92,100.04,101.00,100.30,100.70,100.00,101.40,97.80,98.60,102.40,102.93,100.30,100.30,64.22,99.09,98.42,102.50,99.49,102.70,102.40,103.82,108.88,101.22,101.67,100.43,123.16,èþí.41,èþí.65,101.97,-8.00,ôåâ.80,7.00,ñåí.40,ñåí.32,ìàð.90,4.00,31.ÿíâ,27.34,122.79,116.43,ìàé.44,97.55,99.78
2019-07,99.78,101.20,98.22,98.49,100.81,99.36,95.60,103.02,101.63,97.80,78.58,79.87,100.34,99.65,100.35,101.21,100.07,99.73,100.22,99.79,100.13,101.31,102.90,102.70,103.10,99.30,99.10,99.60,102.04,101.50,101.50,63.20,98.40,98.54,91.60,99.30,91.90,106.97,108.71,108.32,101.12,102.10,100.95,88.17,ìàé.99,èþí.74,103.95,10.00,ñåí.81,ìàé.38,èþë.81,àâã.66,àïð.65,07.ìàé,25.19,22.14,86.51,92.55,05.ôåâ,101.58,98.11
2019-08,98.86,99.84,99.24,94.88,105.74,95.97,94.52,102.85,100.86,92.79,83.09,76.66,99.76,99.46,100.08,99.82,100.23,96.79,100.17,99.62,99.96,101.61,102.80,93.70,110.10,103.00,103.00,94.30,101.41,97.60,97.10,65.53,103.69,102.02,97.90,100.84,97.70,103.86,103.60,102.10,101.81,102.25,101.38,88.01,ìàé.68,èþí.66,99.18,-9.09,îêò.84,ÿíâ.57,èþë.31,08.àïð,ìàð.13,05.ìàð,24.22,25.00,99.57,98.44,ôåâ.35,101.01,99.38
2019-09,99.27,98.77,99.34,99.24,101.57,96.43,93.82,101.58,100.20,92.09,84.40,73.92,99.58,99.26,100.39,99.13,100.06,102.40,100.16,100.43,99.73,100.95,95.70,98.00,94.00,87.80,86.30,99.50,99.96,101.50,101.10,64.98,99.16,99.00,103.60,101.28,103.20,98.75,99.98,101.59,101.76,101.75,101.27,123.75,ìàé.69,èþí.56,105.20,28.57,îêò.68,äåê.80,èþë.26,èþë.65,ñåí.38,àïð.85,07.ñåí,18.90,93.52,98.04,11.àâã,103.81,101.53
2019-10,102.02,100.53,101.19,104.54,100.26,105.80,95.72,102.12,101.39,96.28,84.62,78.21,100.19,100.47,100.25,99.78,100.24,100.66,99.17,99.57,100.99,100.70,101.50,101.90,101.20,111.50,110.90,104.70,100.66,100.70,100.30,64.35,99.04,99.43,101.10,100.82,101.30,96.25,98.47,94.15,100.47,100.82,99.81,105.65,ìàé.89,èþí.52,100.21,38.10,íîÿ.88,14.96,08.ìàð,àâã.22,íîÿ.63,àïð.28,àïð.65,24.22,105.97,102.76,13.29,104.72,101.10
2019-11,103.56,104.90,101.62,99.61,110.74,101.82,99.12,107.12,103.03,95.91,93.70,79.63,100.16,100.16,100.31,100.00,100.31,96.03,101.22,101.22,101.94,99.49,100.50,101.60,99.80,97.70,96.00,98.30,99.25,100.30,100.60,63.87,99.24,98.25,102.00,101.85,102.20,100.34,99.37,102.05,101.18,100.89,100.21,99.58,èþí.13,èþí.40,99.24,30.77,îêò.83,äåê.95,îêò.21,09.àâã,02.íîÿ,ìàð.61,-2.88,21.99,90.54,94.43,èþë.46,97.66,98.46
2019-12,102.42,100.11,101.06,101.93,108.92,104.81,101.52,107.25,104.12,97.76,102.06,83.46,100.56,100.93,100.12,100.57,100.13,97.47,99.91,99.51,101.64,101.28,111.20,120.80,104.40,111.10,110.60,102.20,103.29,101.30,101.40,62.94,98.54,99.04,125.20,100.39,125.90,112.37,114.56,116.31,100.91,100.80,100.20,170.82,èþí.45,èþí.19,99.58,-3.70,àâã.40,èþë.91,íîÿ.21,ñåí.17,àïð.29,àïð.55,ìàé.80,17.78,145.19,110.48,06.ñåí,101.03,99.95
2020-01,101.55,97.34,100.29,103.36,107.11,105.47,103.60,104.91,104.94,101.54,109.86,88.47,100.11,100.53,100.09,99.58,100.08,100.61,100.23,100.76,100.84,100.78,80.60,83.10,78.50,89.80,89.00,87.50,102.21,101.60,101.50,61.78,98.17,99.23,77.80,102.86,77.90,78.61,73.24,66.53,100.63,100.83,100.05,36.95,èþí.94,èþí.14,79.13,13.64,íîÿ.52,17.83,15.22,13.56,ñåí.85,èþë.97,31.82,ñåí.85,50.95,98.31,13.80,96.87,100.69
2020-02,96.96,96.86,99.04,98.93,89.74,104.46,100.45,101.62,103.94,100.46,98.59,92.42,100.54,100.62,100.08,100.98,100.13,99.90,100.12,100.02,101.27,100.84,98.10,99.30,97.20,100.10,100.40,107.00,96.82,98.30,98.30,63.88,103.39,103.98,97.90,100.45,98.40,105.43,111.30,113.02,101.15,100.97,100.16,123.99,èþë.24,èþí.28,102.83,19.ìàé,13.44,20.63,19.21,19.àïð,íîÿ.54,èþí.43,37.40,22.73,103.58,87.67,16.àïð,98.95,101.03
2020-03,95.68,98.91,98.71,98.30,87.60,80.86,96.11,100.51,102.60,98.75,86.36,74.73,100.25,100.61,100.38,99.62,100.37,100.17,99.63,99.77,101.30,100.78,106.20,107.30,105.10,104.90,105.40,109.10,96.48,88.30,88.90,73.15,114.51,115.02,108.40,101.53,108.70,121.26,119.63,130.28,101.63,101.86,102.20,110.53,èþë.32,èþí.46,99.97,ìàé.56,àïð.49,27.78,17.85,18.44,16.81,ñåí.89,-9.62,42.48,83.37,84.52,22.23,99.82,100.44
2020-04,97.19,97.44,94.32,101.62,95.04,85.44,93.41,97.94,96.77,100.35,82.08,63.85,100.78,101.70,100.39,100.02,100.15,80.89,100.87,100.90,101.19,101.71,75.40,82.00,69.30,93.80,94.50,100.10,101.44,99.20,100.01,75.22,102.83,103.40,99.40,99.47,100.20,52.76,58.08,67.81,99.53,98.41,100.56,113.73,èþë.90,èþë.28,100.39,-5.88,0.17,22.61,14.34,15.59,àâã.47,èþë.41,ôåâ.61,29.91,108.96,102.18,15.43,100.88,102.32
2020-05,98.43,98.47,98.61,98.15,95.81,107.39,91.95,96.44,95.42,98.49,78.64,68.56,100.14,99.69,100.31,100.56,100.21,104.63,100.80,100.80,100.93,101.19,110.50,104.80,116.90,87.30,88.40,100.30,98.55,103.50,103.80,72.61,96.54,96.26,100.20,99.30,100.30,121.69,114.17,94.04,100.41,100.00,100.34,80.10,àâã.89,àâã.65,100.30,-18.18,ôåâ.23,îêò.77,13.78,14.86,ìàé.30,5.00,25.78,41.98,95.85,100.98,08.ôåâ,101.23,102.32
2020-06,102.30,99.36,104.15,99.21,111.34,110.46,94.07,95.82,99.39,97.71,87.56,75.73,100.31,100.67,100.42,99.72,100.44,112.63,100.31,100.43,101.67,100.97,107.20,99.70,114.70,108.80,110.20,100.40,100.92,102.70,102.60,69.22,95.33,94.68,101.00,98.03,101.30,126.21,126.01,121.95,100.97,100.74,99.51,144.40,10.00,îêò.24,119.00,0.00,îêò.22,07.ôåâ,15.43,15.34,-1.71,èþí.21,34.48,40.83,110.19,103.80,ôåâ.61,99.05,101.27
2020-07,100.96,97.27,103.73,100.25,107.58,101.43,94.97,93.20,103.09,97.95,94.20,76.82,100.30,99.81,100.27,101.00,99.97,101.24,99.95,99.52,100.91,102.08,104.10,102.20,105.80,108.10,107.90,98.50,100.93,96.50,96.70,71.28,102.98,103.11,96.10,103.82,96.40,110.10,116.31,115.81,101.56,101.05,101.07,109.19,îêò.50,íîÿ.26,102.93,àïð.76,16.36,àâã.59,13.72,14.58,03.îêò,îêò.96,29.13,32.56,88.00,94.09,ìàé.83,102.97,99.51
2020-08,101.99,99.98,100.06,102.12,105.89,106.69,96.86,93.18,103.16,100.03,99.75,81.95,100.10,99.32,100.35,100.84,100.46,98.47,100.46,99.91,99.90,101.55,100.50,97.40,103.20,100.60,100.30,97.90,105.01,95.00,94.90,73.80,103.53,101.84,96.20,99.14,96.30,109.35,109.96,102.39,102.21,101.93,101.34,86.62,îêò.20,íîÿ.17,98.45,41.18,20.31,21.àâã,15.59,16.31,äåê.90,îêò.76,16.íîÿ,45.99,101.28,100.12,16.95,102.80,101.18
2020-09,102.15,99.21,100.09,105.11,105.96,97.37,98.94,92.44,103.26,105.14,105.69,79.80,99.86,99.58,100.53,,,,99.26,99.54,,102.03,,,,,,,101.25,,,,,102.35,,100.77,,,,,,,,,ñåí.50,îêò.37,,,,,,18.39,,,,,95.13,99.63,,101.32,99.04
2020-10,103.39,100.34,102.13,107.30,101.77,107.28,102.30,92.76,105.45,112.82,107.56,85.61,100.68,101.07,100.91,,,,,,,,,,,,,,,,,,,,,,,,,,,,,,,,,,,,,,,,,,,,,107.01,103.39
2020-11,103.97,101.01,100.98,102.48,114.49,103.33,106.36,93.70,106.48,115.61,123.14,88.45,100.87,101.73,100.83,,,,,,,,,,,,,,,,,,,,,,,,,,,,,,,,,,,,,,,,,,,,,102.06,102.87
2020-12,102.17,101.72,103.22,101.10,104.68,99.41,108.67,95.31,109.92,116.89,128.90,87.93,100.81,101.64,100.69,,,,,,,,,,,,,,,,,,,,,,,,,,,,,,,,,,,,,,,,,,,,,104.11,103.03
